id;company;first_name;last_name;email;phone_number;insurance_provider
1;Senegal withdrawal;Myrl;Muller;Sheldon_Kautzer@yahoo.com;23295;Health JBOD
2;Outdoors;Christophe;Legros;Trevor.Watsica99@yahoo.com;948;Licensed Steel Shirt Sleek Granite Tuna
3;AGP Coordinator;Oda;Bosco;Ethelyn_Johnston@yahoo.com;73227;Music
4;B2C systematic;Elenor;Rau;Laila1@gmail.com;91033;Practical Wooden Shirt whiteboard Concrete
5;Data open-source Generic;Hayley;Wunsch;Shawna.Welch@hotmail.com;90372;Officer parse
6;Intuitive;Turner;Smitham;Darian_Mohr12@yahoo.com;23066;Shirt
7;Electronics;Verner;Satterfield;Federico62@hotmail.com;96910;EXE
8;Personal Loan Account Chile foreground;Jordon;Rosenbaum;Maurice89@yahoo.com;81583;Pre-emptive Reduced
9;Kids Customer;Ryley;Bosco;Serenity27@yahoo.com;12951;HTTP Configuration
10;Jewelery monitoring Infrastructure;Murray;Bogisich;Hailey.Fritsch@gmail.com;25975;protocol Borders Tasty
