id;company;first_name;last_name;email;dot;mc;phone_number;address;street_address;city;state_province;country;postal_code;billing_address_id
1;withdrawal Towels;Taurean;Smitham;Guillermo_Homenick42@yahoo.com;4696;35387;16628;microchip Ergonomic Auto Loan Account;Fantastic Fresh Ball;West Taylor;card Home Loan Account Applications;CANADA;Research sensor black;1
2;Equatorial Guinea;Carrie;Mertz;Amelie_Stamm@hotmail.com;59684;15467;33424;connect Incredible;bricks-and-clicks;South Meagan;Investment Account Forge Licensed;MEXICO;Yemeni Rial;2
3;Toys;Beatrice;Hessel;Audra_Schoen13@gmail.com;79001;95023;69056;Cocos (Keeling) Islands Awesome;USB alarm 1080p;Mittiechester;parsing Triple-buffered;CANADA;Rand Namibia Dollar;3
4;Branding;Alivia;Baumbach;Lacy.Walsh55@hotmail.com;56794;47321;91548;Music;card azure Frozen;Port Perry;program Refined Granite Gloves;MEXICO;Baby Money Market Account;4
5;Connecticut;Jayde;Blick;Mauricio.Lehner@hotmail.com;72476;40448;6535;projection Maldives;withdrawal alarm Timor-Leste;New Selmer;web-readiness;MEXICO;Books CSS Holy See (Vatican City State);5
6;Data Tasty Steel Pants Licensed Steel Shirt;Alice;Kris;Liza.McClure98@yahoo.com;39828;76827;9169;killer Russian Federation;Adaptive Practical B2C;Lake Elenor;Persevering Gorgeous Steel Salad Associate;USA;whiteboard Concrete;6
7;Data open-source Generic;Hayley;Wunsch;Shawna.Welch@hotmail.com;90372;61341;98918;parse;Intuitive;Smithamfurt;Auto Loan Account;USA;Intelligent Cotton Bike;7
8;lavender;Orval;Shanahan;Precious_Beer@yahoo.com;21632;88378;51826;Personal Loan Account Chile foreground;connect Zimbabwe Dollar;Port Rayview;Savings Account;CANADA;Personal Loan Account;8
9;SDD Trail;Giovanni;Gislason;Brayan.Krajcik95@gmail.com;85219;86212;3542;monitoring Infrastructure bandwidth;ROI;North Devan;protocol Borders Tasty;USA;Senior Facilitator Sleek Fresh Shoes;9
10;Virginia generating;Fanny;Olson;Karina.Mann73@hotmail.com;87862;52126;79742;deposit hacking GB;next-generation Quality-focused Quality;New Maximilliamouth;Salad;MEXICO;Burg SAS Music;10
