id;company;first_name;last_name;email;phone_number;licence_number;dob
1;Handcrafted;Sofia;Blick;Rowland_Berge@hotmail.com;48058;51607;2019-11-05
2;generating open-source Ouguiya;Kennedy;Stracke;Muhammad_Thiel@gmail.com;86816;65845;2019-11-06
3;Pizza Fish next-generation;Davon;Predovic;Marilou_Breitenberg@hotmail.com;75271;18922;2019-11-06
4;XSS RSS Outdoors;Rey;Abshire;Reese74@gmail.com;90870;16075;2019-11-06
5;Tennessee generate Adaptive;Clemens;Grant;Lexie_Hane63@gmail.com;11584;25980;2019-11-05
6;Beauty synthesizing;Brant;Breitenberg;Noemie.Auer@gmail.com;96299;84012;2019-11-06
7;deposit Mobility;Barton;Schaefer;Chadrick.Pfeffer94@hotmail.com;30096;16637;2019-11-05
8;Handmade Rubber Shoes proactive Checking Account;Alvina;Stehr;Yessenia_Wiza44@hotmail.com;74965;64757;2019-11-06
9;navigate Movies;Alanis;Schuster;Gaetano_Kuhlman25@gmail.com;68329;102;2019-11-05
10;holistic;Zion;Welch;Bartholome.Kirlin52@yahoo.com;79480;82592;2019-11-05
