id;address;street_address;city;state_province;country;postal_code
1;fuchsia;synthesize;New Brendanburgh;Usability Chair mindshare;CANADA;applications invoice unleash
2;methodologies;e-services;Reillyberg;teal Outdoors payment;MEXICO;RSS Neck
3;Mouse fuchsia Licensed;connect;Lehnermouth;Auto Loan Account;MEXICO;Automotive
4;Orchestrator indigo Manors;Rubber;New Marleyberg;Hawaii Networked;USA;payment
5;maximized;e-tailers Architect Chair;North Marilyne;grow Orchestrator;USA;payment
6;XSS solid state Handmade Granite Fish;Concrete;Port Keyshawnland;Berkshire;CANADA;Rupiah
7;back up Tactics;Borders;Port Felicitaton;bypassing;CANADA;benchmark Planner
8;Solomon Islands Dollar;overriding Rustic Metal Computer Web;New Sonyatown;Communications Generic Granite Gloves;CANADA;XSS alarm neural
9;Auto Loan Account Avon;Customer Montserrat;Sawaynview;deposit Central African Republic;USA;Handmade Generic Concrete Tuna
10;Trafficway;pink Architect;Lake Chloe;redundant deposit Avon;USA;alarm
