id;company;first_name;last_name;dot;mc;email;phone_number;insurance_provider
1;one-to-one reboot Chair;Rebeca;Luettgen;83213;75663;Destinee28@yahoo.com;8409;website New York
2;exuding;Lorenz;Altenwerth;53998;81867;Brant76@hotmail.com;1842;web services copying
3;deposit Mobility;Barton;Schaefer;93722;17375;Olaf.Bernhard16@hotmail.com;70817;Handmade Rubber Shoes proactive Checking Account
4;SCSI;Yessenia;Wiza;67605;96887;Nels59@yahoo.com;75826;Movies Sports
5;target;Rebekah;Russel;25250;68329;Isabel46@gmail.com;99712;partnerships Terrace Hat
6;calculating conglomeration bypassing;Oliver;Parisian;23005;65451;Dorcas_Stroman15@gmail.com;3130;capacitor District
7;invoice unleash grid-enabled;Wilson;Hagenes;40933;32074;Modesta.Farrell20@hotmail.com;3113;payment efficient RSS
8;Vietnam Mouse;Conner;Stroman;9116;77659;Ole_Kling76@gmail.com;1786;back-end 4th generation
9;Principal Savings Account online;Jayden;Abbott;11730;59832;Lenny43@gmail.com;55841;Networked
10;Handcrafted Rubber Gloves;Domenico;McKenzie;79755;43324;Wilton1@gmail.com;46459;Jordanian Dinar
